{"cameraMode":{"drawMode":0,"name":"Shaded","section":"Shading Mode"},"sceneLighting":true,"audioPlay":false,"sceneViewState":{"m_AlwaysRefresh":false,"showFog":true,"showSkybox":true,"showFlares":true,"showImageEffects":true,"showParticleSystems":true,"showVisualEffectGraphs":true,"m_FxEnabled":true},"in2DMode":false,"pivot":{"x":-14.775670051574707,"y":0.367194265127182,"z":1.0287320613861085},"rotation":{"x":0.10156835615634918,"y":0.10456916689872742,"z":-0.010722164064645768,"w":0.9892776608467102},"size":12.556012153625489,"orthographic":false}