{"cameraMode":{"drawMode":0,"name":"Shaded","section":"Shading Mode"},"sceneLighting":true,"audioPlay":false,"sceneViewState":{"m_AlwaysRefresh":false,"showFog":true,"showSkybox":true,"showFlares":true,"showImageEffects":true,"showParticleSystems":true,"showVisualEffectGraphs":true,"m_FxEnabled":true},"in2DMode":false,"pivot":{"x":15.040002822875977,"y":8.26468563079834,"z":12.177024841308594},"rotation":{"x":-0.01995866186916828,"y":0.9801516532897949,"z":-0.13792672753334046,"w":-0.14150023460388184},"size":1.5265417098999024,"orthographic":false}