{"cameraMode":{"drawMode":0,"name":"Shaded","section":"Shading Mode"},"sceneLighting":false,"audioPlay":false,"sceneViewState":{"m_AlwaysRefresh":false,"showFog":true,"showSkybox":false,"showFlares":true,"showImageEffects":true,"showParticleSystems":true,"showVisualEffectGraphs":true,"m_FxEnabled":true},"in2DMode":false,"pivot":{"x":6.464951038360596,"y":1.3926376104354859,"z":-0.6607500314712524},"rotation":{"x":0.13770721852779389,"y":0.6373503804206848,"z":-0.11717043071985245,"w":0.7490627765655518},"size":0.21684910356998444,"orthographic":false}