{"cameraMode":{"drawMode":0,"name":"Shaded","section":"Shading Mode"},"sceneLighting":false,"audioPlay":false,"sceneViewState":{"m_AlwaysRefresh":false,"showFog":true,"showSkybox":false,"showFlares":true,"showImageEffects":true,"showParticleSystems":true,"showVisualEffectGraphs":true,"m_FxEnabled":true},"in2DMode":false,"pivot":{"x":-0.2990008294582367,"y":-0.09839028120040894,"z":-0.2326163500547409},"rotation":{"x":-0.17031808197498322,"y":0.7099426984786987,"z":-0.1837081015110016,"w":-0.6582037806510925},"size":0.8660253882408142,"orthographic":false}